local_time,utc_time,window_slug,window_label,up_l1_c,up_l1_sh,up_l2_c,up_l2_sh,up_l3_c,up_l3_sh,down_l1_c,down_l1_sh,down_l2_c,down_l2_sh,down_l3_c,down_l3_sh
2026-08-31 14:42:08,2026-08-31 13:42:08,btc-updown-15m-1788183000,"August 31, 9:30AM-9:45AM ET",92.0,497.4,93.0,297.0,94.0,2454.0,9.0,205.9,10.0,319.4,11.0,432.3
2026-08-31 14:42:11,2026-08-31 13:42:11,btc-updown-15m-1788183000,"August 31, 9:30AM-9:45AM ET",92.0,50.2,94.0,100.0,95.0,195.0,8.0,312.4,9.0,408.9,10.0,4050.4
2026-08-31 14:42:15,2026-08-31 13:42:15,btc-updown-15m-1788183000,"August 31, 9:30AM-9:45AM ET",94.0,115.0,95.0,180.0,96.0,280.0,7.0,546.0,8.0,361.3,9.0,389.9
2026-08-31 14:42:20,2026-08-31 13:42:20,btc-updown-15m-1788183000,"August 31, 9:30AM-9:45AM ET",97.0,137.3,98.0,200.0,99.0,678.2,4.0,383.9,5.0,857.4,6.0,2669.3
2026-08-31 14:42:24,2026-08-31 13:42:24,btc-updown-15m-1788183000,"August 31, 9:30AM-9:45AM ET",98.0,103.6,99.0,798.2,,,2.0,256.4,3.0,364.7,4.0,407.9
2026-08-31 14:42:27,2026-08-31 13:42:27,btc-updown-15m-1788183000,"August 31, 9:30AM-9:45AM ET",98.0,315.0,99.0,742.1,,,3.0,114.7,4.0,568.9,5.0,2299.4
2026-08-31 14:42:31,2026-08-31 13:42:31,btc-updown-15m-1788183000,"August 31, 9:30AM-9:45AM ET",98.0,152.5,99.0,6147.1,,,3.0,120.0,4.0,333.9,5.0,631.4
2026-08-31 14:42:35,2026-08-31 13:42:35,btc-updown-15m-1788183000,"August 31, 9:30AM-9:45AM ET",98.0,115.0,99.0,747.1,,,3.0,319.7,4.0,463.9,5.0,2748.4
2026-08-31 14:42:39,2026-08-31 13:42:39,btc-updown-15m-1788183000,"August 31, 9:30AM-9:45AM ET",99.0,635.4,,,,,3.0,247.6,4.0,256.9,5.0,454.4
2026-08-31 14:42:43,2026-08-31 13:42:43,btc-updown-15m-1788183000,"August 31, 9:30AM-9:45AM ET",98.0,115.0,99.0,585.4,,,3.0,225.0,4.0,303.1,5.0,335.4
2026-08-31 14:42:47,2026-08-31 13:42:47,btc-updown-15m-1788183000,"August 31, 9:30AM-9:45AM ET",99.0,727.4,,,,,2.0,317.0,3.0,205.0,4.0,303.1
2026-08-31 14:42:51,2026-08-31 13:42:51,btc-updown-15m-1788183000,"August 31, 9:30AM-9:45AM ET",99.0,506.3,,,,,2.0,313.7,3.0,205.0,4.0,343.9
2026-08-31 14:42:55,2026-08-31 13:42:55,btc-updown-15m-1788183000,"August 31, 9:30AM-9:45AM ET",99.0,399.7,,,,,2.0,409.1,3.0,205.0,4.0,248.9
2026-08-31 14:43:00,2026-08-31 13:43:00,btc-updown-15m-1788183000,"August 31, 9:30AM-9:45AM ET",99.0,32.4,,,,,3.0,100.0,4.0,100.0,5.0,175.0
2026-08-31 14:43:04,2026-08-31 13:43:04,btc-updown-15m-1788183000,"August 31, 9:30AM-9:45AM ET",97.0,294.7,98.0,6411.9,99.0,1147.7,5.0,79.4,6.0,225.0,7.0,126.0
2026-08-31 14:43:08,2026-08-31 13:43:08,btc-updown-15m-1788183000,"August 31, 9:30AM-9:45AM ET",97.0,377.9,98.0,5215.9,99.0,2993.7,5.0,105.0,6.0,90.0,7.0,131.0
2026-08-31 14:43:12,2026-08-31 13:43:12,btc-updown-15m-1788183000,"August 31, 9:30AM-9:45AM ET",96.0,20.0,97.0,205.0,98.0,704.9,2.0,15.0,3.0,100.0,4.0,200.0
2026-08-31 14:43:15,2026-08-31 13:43:15,btc-updown-15m-1788183000,"August 31, 9:30AM-9:45AM ET",98.0,205.0,99.0,418.7,,,3.0,5.0,4.0,150.0,5.0,395.0
2026-08-31 14:43:19,2026-08-31 13:43:19,btc-updown-15m-1788183000,"August 31, 9:30AM-9:45AM ET",96.0,5.0,97.0,389.7,98.0,455.5,5.0,70.0,6.0,115.0,7.0,226.0
2026-08-31 14:43:23,2026-08-31 13:43:23,btc-updown-15m-1788183000,"August 31, 9:30AM-9:45AM ET",95.0,5.0,96.0,343.9,97.0,474.7,5.0,50.0,6.0,80.0,7.0,303.5
2026-08-31 14:43:27,2026-08-31 13:43:27,btc-updown-15m-1788183000,"August 31, 9:30AM-9:45AM ET",94.0,50.0,95.0,108.0,96.0,417.9,6.0,10.0,7.0,158.2,8.0,150.0
2026-08-31 14:43:31,2026-08-31 13:43:31,btc-updown-15m-1788183000,"August 31, 9:30AM-9:45AM ET",77.0,70.0,79.0,75.0,80.0,75.0,25.0,65.0,26.0,150.0,27.0,105.0
2026-08-31 14:43:35,2026-08-31 13:43:35,btc-updown-15m-1788183000,"August 31, 9:30AM-9:45AM ET",73.0,105.0,74.0,175.0,75.0,150.0,30.0,85.0,31.0,15.0,32.0,100.0
2026-08-31 14:43:39,2026-08-31 13:43:39,btc-updown-15m-1788183000,"August 31, 9:30AM-9:45AM ET",89.0,75.0,90.0,50.0,91.0,100.0,10.0,25.0,11.0,5.0,12.0,10.0
2026-08-31 14:43:43,2026-08-31 13:43:43,btc-updown-15m-1788183000,"August 31, 9:30AM-9:45AM ET",94.0,50.0,95.0,120.0,96.0,5.0,6.0,80.0,7.0,50.0,8.0,105.0
2026-08-31 14:43:48,2026-08-31 13:43:48,btc-updown-15m-1788183000,"August 31, 9:30AM-9:45AM ET",92.0,38.5,93.0,115.0,94.0,150.0,8.0,113.5,9.0,88.9,10.0,55.0
2026-08-31 14:43:52,2026-08-31 13:43:52,btc-updown-15m-1788183000,"August 31, 9:30AM-9:45AM ET",87.0,4.9,88.0,95.0,89.0,65.0,15.0,100.0,16.0,100.0,17.0,180.0
2026-08-31 14:43:55,2026-08-31 13:43:55,btc-updown-15m-1788183000,"August 31, 9:30AM-9:45AM ET",87.0,10.0,88.0,40.0,89.0,139.0,15.0,15.0,16.0,107.0,17.0,115.0
2026-08-31 14:43:59,2026-08-31 13:43:59,btc-updown-15m-1788183000,"August 31, 9:30AM-9:45AM ET",85.0,40.0,86.0,50.0,87.0,15.0,15.0,15.0,16.0,65.8,17.0,59.1
2026-08-31 14:44:03,2026-08-31 13:44:03,btc-updown-15m-1788183000,"August 31, 9:30AM-9:45AM ET",95.0,50.0,96.0,100.0,97.0,157.0,6.0,63.0,7.0,100.0,8.0,89.0
2026-08-31 14:44:07,2026-08-31 13:44:07,btc-updown-15m-1788183000,"August 31, 9:30AM-9:45AM ET",84.0,98.8,85.0,84.6,86.0,100.0,19.0,14.0,21.0,100.0,22.0,100.0
2026-08-31 14:44:11,2026-08-31 13:44:11,btc-updown-15m-1788183000,"August 31, 9:30AM-9:45AM ET",64.0,50.0,65.0,50.0,68.0,5.0,36.0,15.0,37.0,100.0,38.0,100.0
2026-08-31 14:44:15,2026-08-31 13:44:15,btc-updown-15m-1788183000,"August 31, 9:30AM-9:45AM ET",52.0,106.6,53.0,105.0,54.0,5.0,54.0,30.0,55.0,104.0,56.0,81.8
2026-08-31 14:44:19,2026-08-31 13:44:19,btc-updown-15m-1788183000,"August 31, 9:30AM-9:45AM ET",78.0,5.0,79.0,20.0,81.0,100.0,20.0,10.0,21.0,15.0,23.0,16.0
2026-08-31 14:44:24,2026-08-31 13:44:24,btc-updown-15m-1788183000,"August 31, 9:30AM-9:45AM ET",93.0,50.0,94.0,35.0,96.0,7.2,10.0,50.0,11.0,50.0,18.0,108.0
2026-08-31 14:44:27,2026-08-31 13:44:27,btc-updown-15m-1788183000,"August 31, 9:30AM-9:45AM ET",96.0,85.0,96.4,600.0,97.0,215.4,10.0,10.0,11.0,5.0,12.0,5.0
2026-08-31 14:44:31,2026-08-31 13:44:31,btc-updown-15m-1788183000,"August 31, 9:30AM-9:45AM ET",82.0,15.0,83.0,15.0,84.0,75.0,21.0,15.0,22.0,12.7,23.0,5.0
2026-08-31 14:44:36,2026-08-31 13:44:36,btc-updown-15m-1788183000,"August 31, 9:30AM-9:45AM ET",89.0,65.0,90.0,50.0,91.0,5.0,11.0,50.0,12.0,50.0,13.0,50.0
2026-08-31 14:44:41,2026-08-31 13:44:41,btc-updown-15m-1788183000,"August 31, 9:30AM-9:45AM ET",98.0,50.0,99.0,27.4,99.8,200.0,19.0,50.0,20.0,60.0,22.0,15.0
2026-08-31 14:44:44,2026-08-31 13:44:44,btc-updown-15m-1788183000,"August 31, 9:30AM-9:45AM ET",90.0,100.0,92.0,100.0,93.0,175.0,17.0,58.0,18.0,26.0,19.0,5.0
2026-08-31 14:44:47,2026-08-31 13:44:47,btc-updown-15m-1788183000,"August 31, 9:30AM-9:45AM ET",91.0,15.0,92.0,10.0,93.0,15.0,14.0,5.0,15.0,5.0,27.0,83.0
2026-08-31 14:44:51,2026-08-31 13:44:51,btc-updown-15m-1788183000,"August 31, 9:30AM-9:45AM ET",99.8,200.0,99.9,35.0,,,1.0,130.1,2.0,200.0,2.1,29.0
2026-08-31 14:44:55,2026-08-31 13:44:55,btc-updown-15m-1788183000,"August 31, 9:30AM-9:45AM ET",99.8,26.8,99.9,35.0,,,1.0,8151.9,2.0,100.0,2.1,29.0
2026-08-31 14:45:06,2026-08-31 13:45:06,btc-updown-15m-1788183900,"August 31, 9:45AM-10:00AM ET",46.0,175.0,47.0,255.0,48.0,246.9,55.0,135.0,56.0,301.0,57.0,246.0
2026-08-31 14:45:07,2026-08-31 13:45:07,btc-updown-15m-1788183900,"August 31, 9:45AM-10:00AM ET",45.0,187.2,46.0,225.0,47.0,358.0,56.0,58.0,57.0,294.0,58.0,315.0
2026-08-31 14:45:11,2026-08-31 13:45:11,btc-updown-15m-1788183900,"August 31, 9:45AM-10:00AM ET",44.0,300.0,45.0,340.0,46.0,258.0,57.0,8.0,58.0,53.0,59.0,375.0
2026-08-31 14:45:16,2026-08-31 13:45:16,btc-updown-15m-1788183900,"August 31, 9:45AM-10:00AM ET",49.0,6.9,50.0,195.9,51.0,288.0,53.0,74.7,54.0,175.9,55.0,373.0
2026-08-31 14:45:19,2026-08-31 13:45:19,btc-updown-15m-1788183900,"August 31, 9:45AM-10:00AM ET",44.0,303.0,45.0,648.0,46.0,10199.0,58.0,13.0,59.0,14.0,60.0,309.0
2026-08-31 14:45:23,2026-08-31 13:45:23,btc-updown-15m-1788183900,"August 31, 9:45AM-10:00AM ET",43.0,335.0,44.0,340.0,45.0,268.0,58.0,13.0,59.0,58.0,60.0,363.0
2026-08-31 14:45:28,2026-08-31 13:45:28,btc-updown-15m-1788183900,"August 31, 9:45AM-10:00AM ET",46.0,10.0,47.0,358.0,48.0,348.0,60.0,49.0,61.0,403.0,62.0,364.0
2026-08-31 14:45:32,2026-08-31 13:45:32,btc-updown-15m-1788183900,"August 31, 9:45AM-10:00AM ET",40.0,100.0,41.0,266.0,42.0,354.0,60.0,70.0,61.0,193.0,62.0,148.0
2026-08-31 14:45:36,2026-08-31 13:45:36,btc-updown-15m-1788183900,"August 31, 9:45AM-10:00AM ET",40.0,290.0,41.0,353.0,42.0,278.0,61.0,155.0,62.0,158.0,63.0,339.0
2026-08-31 14:45:42,2026-08-31 13:45:42,btc-updown-15m-1788183900,"August 31, 9:45AM-10:00AM ET",44.0,336.3,45.0,473.3,46.0,288.2,59.0,155.0,60.0,203.0,61.0,500.5
2026-08-31 14:45:45,2026-08-31 13:45:45,btc-updown-15m-1788183900,"August 31, 9:45AM-10:00AM ET",42.0,310.9,43.0,388.3,44.0,423.3,59.0,200.0,60.0,208.4,61.0,289.5
2026-08-31 14:45:48,2026-08-31 13:45:48,btc-updown-15m-1788183900,"August 31, 9:45AM-10:00AM ET",39.0,315.5,40.0,340.4,41.0,553.4,62.0,10.0,63.0,219.0,64.0,305.0
2026-08-31 14:45:52,2026-08-31 13:45:52,btc-updown-15m-1788183900,"August 31, 9:45AM-10:00AM ET",35.0,370.7,36.0,348.6,37.0,298.6,66.0,43.6,67.0,709.0,68.0,307.0
2026-08-31 14:45:57,2026-08-31 13:45:57,btc-updown-15m-1788183900,"August 31, 9:45AM-10:00AM ET",37.0,46.4,38.0,250.9,39.0,284.5,65.0,8.0,66.0,263.0,67.0,786.9
2026-08-31 14:45:59,2026-08-31 13:45:59,btc-updown-15m-1788183900,"August 31, 9:45AM-10:00AM ET",34.0,120.8,35.0,315.7,36.0,253.6,67.0,671.0,68.0,446.0,69.0,367.1
2026-08-31 14:46:03,2026-08-31 13:46:03,btc-updown-15m-1788183900,"August 31, 9:45AM-10:00AM ET",30.0,220.0,31.0,392.1,32.0,244.0,72.0,5.0,73.0,153.0,74.0,400.0
2026-08-31 14:46:07,2026-08-31 13:46:07,btc-updown-15m-1788183900,"August 31, 9:45AM-10:00AM ET",32.0,125.0,33.0,291.9,34.0,310.8,69.0,256.3,70.0,278.0,71.0,336.0
2026-08-31 14:46:13,2026-08-31 13:46:13,btc-updown-15m-1788183900,"August 31, 9:45AM-10:00AM ET",27.0,55.0,28.0,186.0,29.0,554.3,75.0,276.2,76.0,328.0,77.0,590.2
2026-08-31 14:46:15,2026-08-31 13:46:15,btc-updown-15m-1788183900,"August 31, 9:45AM-10:00AM ET",24.0,263.0,25.0,574.9,26.0,11771.6,77.0,306.9,78.0,320.0,79.0,399.0
2026-08-31 14:46:20,2026-08-31 13:46:20,btc-updown-15m-1788183900,"August 31, 9:45AM-10:00AM ET",24.0,90.1,25.0,579.9,26.0,8699.8,77.0,366.9,78.0,328.0,79.0,248.0
2026-08-31 14:46:24,2026-08-31 13:46:24,btc-updown-15m-1788183900,"August 31, 9:45AM-10:00AM ET",26.0,8.0,27.0,164.6,28.0,1006.4,74.0,5.0,75.0,150.0,76.0,283.0
2026-08-31 14:46:27,2026-08-31 13:46:27,btc-updown-15m-1788183900,"August 31, 9:45AM-10:00AM ET",27.0,78.9,28.0,264.0,29.0,8723.3,74.0,105.0,75.0,233.0,76.0,274.4
2026-08-31 14:46:31,2026-08-31 13:46:31,btc-updown-15m-1788183900,"August 31, 9:45AM-10:00AM ET",31.0,50.0,32.0,144.0,33.0,427.9,69.0,170.0,70.0,328.0,71.0,343.0
2026-08-31 14:46:35,2026-08-31 13:46:35,btc-updown-15m-1788183900,"August 31, 9:45AM-10:00AM ET",31.0,97.1,32.0,295.9,33.0,412.9,70.0,101.6,71.0,324.1,72.0,368.0
2026-08-31 14:46:39,2026-08-31 13:46:39,btc-updown-15m-1788183900,"August 31, 9:45AM-10:00AM ET",32.0,296.0,33.0,324.9,34.0,371.8,69.0,115.0,70.0,253.0,71.0,218.7
2026-08-31 14:46:43,2026-08-31 13:46:43,btc-updown-15m-1788183900,"August 31, 9:45AM-10:00AM ET",32.0,115.0,33.0,300.9,34.0,263.8,69.0,221.0,70.0,352.0,71.0,322.7
2026-08-31 14:46:47,2026-08-31 13:46:47,btc-updown-15m-1788183900,"August 31, 9:45AM-10:00AM ET",32.0,283.2,33.0,406.9,34.0,310.8,69.0,80.0,70.0,328.0,71.0,318.0
2026-08-31 14:46:52,2026-08-31 13:46:52,btc-updown-15m-1788183900,"August 31, 9:45AM-10:00AM ET",33.0,350.8,34.0,492.8,35.0,276.4,70.0,277.0,71.0,461.0,72.0,273.0
2026-08-31 14:46:55,2026-08-31 13:46:55,btc-updown-15m-1788183900,"August 31, 9:45AM-10:00AM ET",33.0,273.9,34.0,330.9,35.0,665.4,68.0,40.0,69.0,320.0,70.0,352.0
2026-08-31 14:46:59,2026-08-31 13:46:59,btc-updown-15m-1788183900,"August 31, 9:45AM-10:00AM ET",33.0,16.0,34.0,63.8,35.0,309.4,68.0,368.0,69.0,351.0,70.0,338.0
2026-08-31 14:47:03,2026-08-31 13:47:03,btc-updown-15m-1788183900,"August 31, 9:45AM-10:00AM ET",31.0,210.1,32.0,289.0,33.0,538.9,72.0,203.0,73.0,465.0,74.0,304.0
2026-08-31 14:47:07,2026-08-31 13:47:07,btc-updown-15m-1788183900,"August 31, 9:45AM-10:00AM ET",26.0,611.8,27.0,374.6,28.0,239.4,75.0,133.6,76.0,145.0,77.0,419.9
2026-08-31 14:47:11,2026-08-31 13:47:11,btc-updown-15m-1788183900,"August 31, 9:45AM-10:00AM ET",24.0,12.6,25.0,78.9,26.0,380.8,77.0,403.0,78.0,405.0,79.0,2126.0
2026-08-31 14:47:16,2026-08-31 13:47:16,btc-updown-15m-1788183900,"August 31, 9:45AM-10:00AM ET",24.0,137.1,25.0,219.8,26.0,610.8,77.0,133.0,78.0,253.0,79.0,340.0
2026-08-31 14:47:20,2026-08-31 13:47:20,btc-updown-15m-1788183900,"August 31, 9:45AM-10:00AM ET",23.0,162.3,24.0,350.1,25.0,664.9,78.0,170.0,79.0,153.0,80.0,386.0
2026-08-31 14:47:24,2026-08-31 13:47:24,btc-updown-15m-1788183900,"August 31, 9:45AM-10:00AM ET",26.0,262.8,27.0,478.6,28.0,314.4,76.0,45.0,77.0,348.0,78.0,433.0
2026-08-31 14:47:27,2026-08-31 13:47:27,btc-updown-15m-1788183900,"August 31, 9:45AM-10:00AM ET",25.0,179.9,26.0,509.7,27.0,359.6,76.0,5.0,77.0,265.0,78.0,363.0
2026-08-31 14:47:31,2026-08-31 13:47:31,btc-updown-15m-1788183900,"August 31, 9:45AM-10:00AM ET",24.0,42.1,25.0,234.9,26.0,807.8,77.0,210.0,78.0,333.0,79.0,268.0
2026-08-31 14:47:35,2026-08-31 13:47:35,btc-updown-15m-1788183900,"August 31, 9:45AM-10:00AM ET",20.0,20.0,21.0,233.0,22.0,525.6,82.0,125.0,83.0,2142.0,84.0,2407.0
2026-08-31 14:47:41,2026-08-31 13:47:41,btc-updown-15m-1788183900,"August 31, 9:45AM-10:00AM ET",37.0,8.0,38.0,48.0,39.0,191.4,66.0,252.0,67.0,328.0,68.0,1384.0
2026-08-31 14:47:43,2026-08-31 13:47:43,btc-updown-15m-1788183900,"August 31, 9:45AM-10:00AM ET",33.0,173.0,34.0,213.0,35.0,223.0,68.0,188.2,69.0,2664.6,70.0,5034.0
2026-08-31 14:47:48,2026-08-31 13:47:48,btc-updown-15m-1788183900,"August 31, 9:45AM-10:00AM ET",37.0,153.2,38.0,248.0,39.0,216.4,64.0,208.0,65.0,333.0,66.0,2926.8
2026-08-31 14:47:51,2026-08-31 13:47:51,btc-updown-15m-1788183900,"August 31, 9:45AM-10:00AM ET",36.0,173.0,37.0,233.0,38.0,193.0,65.0,170.0,66.0,2146.0,67.0,1944.0
2026-08-31 14:47:55,2026-08-31 13:47:55,btc-updown-15m-1788183900,"August 31, 9:45AM-10:00AM ET",35.0,153.0,36.0,193.0,37.0,228.0,67.0,483.0,68.0,4057.2,69.0,2458.6
2026-08-31 14:47:59,2026-08-31 13:47:59,btc-updown-15m-1788183900,"August 31, 9:45AM-10:00AM ET",38.0,52.8,39.0,208.0,40.0,344.0,63.0,315.0,64.0,2590.0,65.0,3519.7
2026-08-31 14:48:03,2026-08-31 13:48:03,btc-updown-15m-1788183900,"August 31, 9:45AM-10:00AM ET",44.0,93.0,45.0,253.0,46.0,338.0,57.0,75.0,58.0,220.0,59.0,313.0
2026-08-31 14:48:07,2026-08-31 13:48:07,btc-updown-15m-1788183900,"August 31, 9:45AM-10:00AM ET",44.0,240.0,45.0,268.0,46.0,203.0,55.0,30.0,56.0,125.0,57.0,328.0
2026-08-31 14:48:11,2026-08-31 13:48:11,btc-updown-15m-1788183900,"August 31, 9:45AM-10:00AM ET",44.0,233.0,45.0,298.0,46.0,283.0,57.0,10.0,58.0,220.0,59.0,421.0
2026-08-31 14:48:15,2026-08-31 13:48:15,btc-updown-15m-1788183900,"August 31, 9:45AM-10:00AM ET",42.0,80.0,43.0,238.0,44.0,263.0,60.0,153.0,61.0,427.0,62.0,509.5
2026-08-31 14:48:19,2026-08-31 13:48:19,btc-updown-15m-1788183900,"August 31, 9:45AM-10:00AM ET",47.0,95.0,48.0,263.0,49.0,259.9,54.0,155.2,55.0,288.3,56.0,253.3
2026-08-31 14:48:23,2026-08-31 13:48:23,btc-updown-15m-1788183900,"August 31, 9:45AM-10:00AM ET",55.0,168.0,56.0,366.0,57.0,353.0,47.0,185.2,48.0,333.2,49.0,283.2
2026-08-31 14:48:27,2026-08-31 13:48:27,btc-updown-15m-1788183900,"August 31, 9:45AM-10:00AM ET",50.0,253.0,51.0,258.0,52.0,258.0,53.0,11.0,54.0,303.0,55.0,383.3
2026-08-31 14:48:31,2026-08-31 13:48:31,btc-updown-15m-1788183900,"August 31, 9:45AM-10:00AM ET",48.0,145.0,49.0,325.0,50.0,223.1,53.0,13.2,54.0,308.2,55.0,491.3
2026-08-31 14:48:36,2026-08-31 13:48:36,btc-updown-15m-1788183900,"August 31, 9:45AM-10:00AM ET",49.0,10.0,50.0,162.0,51.0,278.0,52.0,10.0,53.0,322.4,54.0,450.0
2026-08-31 14:48:39,2026-08-31 13:48:39,btc-updown-15m-1788183900,"August 31, 9:45AM-10:00AM ET",46.0,5.0,47.0,93.0,48.0,228.0,55.0,15.0,56.0,239.0,57.0,283.0
2026-08-31 14:48:43,2026-08-31 13:48:43,btc-updown-15m-1788183900,"August 31, 9:45AM-10:00AM ET",40.0,90.0,41.0,168.0,42.0,228.0,61.0,161.0,62.0,304.0,63.0,382.6
2026-08-31 14:48:47,2026-08-31 13:48:47,btc-updown-15m-1788183900,"August 31, 9:45AM-10:00AM ET",46.0,44.9,47.0,228.0,48.0,318.0,55.0,52.1,56.0,344.3,57.0,305.3
2026-08-31 14:48:51,2026-08-31 13:48:51,btc-updown-15m-1788183900,"August 31, 9:45AM-10:00AM ET",47.0,205.0,48.0,182.4,49.0,253.0,54.0,80.0,55.0,208.0,56.0,376.0
2026-08-31 14:48:55,2026-08-31 13:48:55,btc-updown-15m-1788183900,"August 31, 9:45AM-10:00AM ET",40.0,85.0,41.0,133.0,42.0,138.0,61.0,264.0,62.0,299.0,63.0,272.0
2026-08-31 14:48:55,2026-08-31 13:48:55,btc-updown-15m-1788183900,"August 31, 9:45AM-10:00AM ET",40.0,80.0,41.0,160.0,42.0,168.0,61.0,309.0,62.0,299.0,63.0,282.6
2026-08-31 14:48:59,2026-08-31 13:48:59,btc-updown-15m-1788183900,"August 31, 9:45AM-10:00AM ET",45.0,203.0,46.0,198.0,47.0,3682.0,56.0,30.0,57.0,100.0,58.0,328.0
2026-08-31 14:49:03,2026-08-31 13:49:03,btc-updown-15m-1788183900,"August 31, 9:45AM-10:00AM ET",41.0,80.0,42.0,128.0,43.0,213.0,62.0,249.0,63.0,217.0,64.0,250.0
2026-08-31 14:49:07,2026-08-31 13:49:07,btc-updown-15m-1788183900,"August 31, 9:45AM-10:00AM ET",39.0,115.0,40.0,165.0,41.0,208.0,62.0,344.0,63.0,267.0,64.0,255.6
2026-08-31 14:49:11,2026-08-31 13:49:11,btc-updown-15m-1788183900,"August 31, 9:45AM-10:00AM ET",35.0,110.0,36.0,123.0,37.0,143.0,62.0,120.0,63.0,128.0,64.0,288.0
2026-08-31 14:49:15,2026-08-31 13:49:15,btc-updown-15m-1788183900,"August 31, 9:45AM-10:00AM ET",42.0,85.0,43.0,193.0,44.0,153.0,59.0,145.0,60.0,328.0,61.0,445.0
2026-08-31 14:49:19,2026-08-31 13:49:19,btc-updown-15m-1788183900,"August 31, 9:45AM-10:00AM ET",45.0,202.9,46.0,273.0,47.0,307.0,56.0,55.0,57.0,333.3,58.0,466.3
2026-08-31 14:49:24,2026-08-31 13:49:24,btc-updown-15m-1788183900,"August 31, 9:45AM-10:00AM ET",42.0,130.0,43.0,173.0,44.0,248.0,59.0,298.0,60.0,476.0,61.0,284.5
2026-08-31 14:49:27,2026-08-31 13:49:27,btc-updown-15m-1788183900,"August 31, 9:45AM-10:00AM ET",42.0,190.0,43.0,348.0,44.0,296.0,59.0,60.0,60.0,208.0,61.0,379.5
2026-08-31 14:49:31,2026-08-31 13:49:31,btc-updown-15m-1788183900,"August 31, 9:45AM-10:00AM ET",36.0,163.0,37.0,303.0,38.0,618.0,65.0,132.0,66.0,272.0,67.0,343.0
2026-08-31 14:49:35,2026-08-31 13:49:35,btc-updown-15m-1788183900,"August 31, 9:45AM-10:00AM ET",34.0,20.0,35.0,180.0,36.0,318.0,67.0,324.0,68.0,341.2,69.0,314.7
2026-08-31 14:49:39,2026-08-31 13:49:39,btc-updown-15m-1788183900,"August 31, 9:45AM-10:00AM ET",32.0,5.0,33.0,185.0,34.0,353.0,69.0,416.6,70.0,287.0,71.0,308.4
2026-08-31 14:49:43,2026-08-31 13:49:43,btc-updown-15m-1788183900,"August 31, 9:45AM-10:00AM ET",33.0,195.0,34.0,268.0,35.0,8113.0,68.0,190.0,69.0,367.6,70.0,317.0
2026-08-31 14:49:47,2026-08-31 13:49:47,btc-updown-15m-1788183900,"August 31, 9:45AM-10:00AM ET",31.0,353.0,32.0,333.0,33.0,548.0,72.0,100.0,73.0,288.0,74.0,257.0
2026-08-31 14:49:52,2026-08-31 13:49:52,btc-updown-15m-1788183900,"August 31, 9:45AM-10:00AM ET",29.0,74.7,30.0,75.0,31.0,323.0,71.0,255.0,72.0,366.0,73.0,353.0
2026-08-31 14:49:55,2026-08-31 13:49:55,btc-updown-15m-1788183900,"August 31, 9:45AM-10:00AM ET",32.0,51.7,33.0,346.0,34.0,380.0,69.0,100.0,70.0,253.0,71.0,411.0
2026-08-31 14:49:59,2026-08-31 13:49:59,btc-updown-15m-1788183900,"August 31, 9:45AM-10:00AM ET",32.0,75.0,33.0,338.0,34.0,415.0,69.0,168.0,70.0,253.0,71.0,321.0
2026-08-31 14:50:07,2026-08-31 13:50:07,btc-updown-15m-1788183900,"August 31, 9:45AM-10:00AM ET",33.0,20.0,34.0,180.0,35.0,324.0,69.0,168.0,70.0,208.0,71.0,308.0
2026-08-31 14:50:12,2026-08-31 13:50:12,btc-updown-15m-1788183900,"August 31, 9:45AM-10:00AM ET",29.0,185.0,30.0,405.0,31.0,321.0,66.0,273.0,67.0,320.0,68.0,228.0
2026-08-31 14:50:13,2026-08-31 13:50:13,btc-updown-15m-1788183900,"August 31, 9:45AM-10:00AM ET",33.0,10.0,34.0,180.0,35.0,328.0,67.0,128.0,68.0,253.0,69.0,284.1
2026-08-31 14:50:17,2026-08-31 13:50:17,btc-updown-15m-1788183900,"August 31, 9:45AM-10:00AM ET",35.0,15.0,36.0,108.0,37.0,343.0,65.0,55.0,66.0,193.5,67.0,298.0
2026-08-31 14:50:20,2026-08-31 13:50:20,btc-updown-15m-1788183900,"August 31, 9:45AM-10:00AM ET",34.0,70.0,35.0,105.0,36.0,223.0,67.0,227.1,68.0,467.0,69.0,297.1
2026-08-31 14:50:24,2026-08-31 13:50:24,btc-updown-15m-1788183900,"August 31, 9:45AM-10:00AM ET",40.0,8.0,41.0,29.0,42.0,154.0,60.0,170.0,61.0,320.0,62.0,230.5
2026-08-31 14:50:29,2026-08-31 13:50:29,btc-updown-15m-1788183900,"August 31, 9:45AM-10:00AM ET",37.0,243.0,38.0,313.0,39.0,3676.0,64.0,68.4,65.0,100.0,66.0,292.0
2026-08-31 14:50:32,2026-08-31 13:50:32,btc-updown-15m-1788183900,"August 31, 9:45AM-10:00AM ET",36.0,8.0,37.0,323.0,38.0,373.0,65.0,145.0,66.0,440.0,67.0,301.9
2026-08-31 14:50:37,2026-08-31 13:50:37,btc-updown-15m-1788183900,"August 31, 9:45AM-10:00AM ET",33.0,173.0,34.0,322.9,35.0,238.0,69.0,105.0,70.0,108.0,71.0,307.0
2026-08-31 14:50:41,2026-08-31 13:50:41,btc-updown-15m-1788183900,"August 31, 9:45AM-10:00AM ET",27.0,10.0,28.0,170.0,29.0,628.0,74.0,363.0,75.0,285.0,76.0,260.0
2026-08-31 14:50:45,2026-08-31 13:50:45,btc-updown-15m-1788183900,"August 31, 9:45AM-10:00AM ET",28.0,293.0,29.0,353.0,30.0,7386.0,73.0,100.0,74.0,367.0,75.0,185.0
2026-08-31 14:50:49,2026-08-31 13:50:49,btc-updown-15m-1788183900,"August 31, 9:45AM-10:00AM ET",28.0,95.0,29.0,278.0,30.0,495.0,73.0,230.0,74.0,356.0,75.0,285.0
2026-08-31 14:50:53,2026-08-31 13:50:53,btc-updown-15m-1788183900,"August 31, 9:45AM-10:00AM ET",27.0,95.0,28.0,238.5,29.0,378.0,74.0,283.0,75.0,285.0,76.0,280.0
2026-08-31 14:50:56,2026-08-31 13:50:56,btc-updown-15m-1788183900,"August 31, 9:45AM-10:00AM ET",27.0,429.6,28.0,447.9,29.0,668.3,74.0,72.7,75.0,100.0,76.0,268.0
2026-08-31 14:51:00,2026-08-31 13:51:00,btc-updown-15m-1788183900,"August 31, 9:45AM-10:00AM ET",26.0,248.0,27.0,386.0,28.0,2772.5,75.0,50.0,76.0,147.0,77.0,263.0
2026-08-31 14:51:00,2026-08-31 13:51:00,btc-updown-15m-1788183900,"August 31, 9:45AM-10:00AM ET",27.0,153.0,28.0,323.5,29.0,387.0,75.0,94.7,76.0,375.0,77.0,308.0
2026-08-31 14:51:04,2026-08-31 13:51:04,btc-updown-15m-1788183900,"August 31, 9:45AM-10:00AM ET",24.0,198.7,25.0,333.0,26.0,233.0,78.0,137.0,79.0,238.0,80.0,359.0
2026-08-31 14:51:04,2026-08-31 13:51:04,btc-updown-15m-1788183900,"August 31, 9:45AM-10:00AM ET",23.0,225.0,24.0,331.7,25.0,228.0,78.0,34.0,79.0,288.0,80.0,359.0
2026-08-31 14:51:09,2026-08-31 13:51:09,btc-updown-15m-1788183900,"August 31, 9:45AM-10:00AM ET",23.0,200.0,24.0,284.2,25.0,310.0,77.0,40.0,78.0,158.0,79.0,482.0
2026-08-31 14:51:09,2026-08-31 13:51:09,btc-updown-15m-1788183900,"August 31, 9:45AM-10:00AM ET",22.0,295.0,23.0,333.0,24.0,324.3,77.0,25.0,78.0,253.0,79.0,482.0
2026-08-31 14:51:12,2026-08-31 13:51:12,btc-updown-15m-1788183900,"August 31, 9:45AM-10:00AM ET",23.0,133.0,24.0,328.0,25.0,286.9,78.0,100.0,79.0,258.0,80.0,384.0
2026-08-31 14:51:12,2026-08-31 13:51:12,btc-updown-15m-1788183900,"August 31, 9:45AM-10:00AM ET",22.0,65.0,23.0,233.0,24.0,278.0,79.0,388.0,80.0,304.0,81.0,295.0
2026-08-31 14:51:16,2026-08-31 13:51:16,btc-updown-15m-1788183900,"August 31, 9:45AM-10:00AM ET",23.0,108.0,24.0,415.0,25.0,265.0,79.0,427.2,80.0,348.0,81.0,351.0
2026-08-31 14:51:21,2026-08-31 13:51:21,btc-updown-15m-1788183900,"August 31, 9:45AM-10:00AM ET",23.0,378.0,24.0,360.0,25.0,586.9,77.0,25.0,78.0,245.0,79.0,374.0
2026-08-31 14:51:25,2026-08-31 13:51:25,btc-updown-15m-1788183900,"August 31, 9:45AM-10:00AM ET",23.0,58.0,24.0,361.0,25.0,307.0,77.0,338.0,78.0,273.0,79.0,347.0
2026-08-31 14:51:31,2026-08-31 13:51:31,btc-updown-15m-1788183900,"August 31, 9:45AM-10:00AM ET",27.0,130.0,28.0,283.0,29.0,334.7,72.0,5.0,73.0,5.0,74.0,150.0
2026-08-31 14:51:36,2026-08-31 13:51:36,btc-updown-15m-1788183900,"August 31, 9:45AM-10:00AM ET",29.0,100.0,30.0,200.0,31.0,156.0,71.0,120.0,72.0,336.0,73.0,363.0
2026-08-31 14:51:38,2026-08-31 13:51:38,btc-updown-15m-1788183900,"August 31, 9:45AM-10:00AM ET",30.0,233.0,31.0,246.0,32.0,286.0,71.0,120.0,72.0,294.0,73.0,328.0
2026-08-31 14:51:44,2026-08-31 13:51:44,btc-updown-15m-1788183900,"August 31, 9:45AM-10:00AM ET",29.0,130.0,30.0,213.0,31.0,228.0,72.0,84.7,73.0,348.0,74.0,374.0
2026-08-31 14:51:45,2026-08-31 13:51:45,btc-updown-15m-1788183900,"August 31, 9:45AM-10:00AM ET",29.0,235.0,30.0,263.0,31.0,256.0,73.0,365.0,74.0,374.0,75.0,391.9
2026-08-31 14:51:50,2026-08-31 13:51:50,btc-updown-15m-1788183900,"August 31, 9:45AM-10:00AM ET",29.0,86.7,30.0,237.0,31.0,279.0,70.0,120.0,71.0,355.0,72.0,248.0
2026-08-31 14:51:53,2026-08-31 13:51:53,btc-updown-15m-1788183900,"August 31, 9:45AM-10:00AM ET",29.0,60.0,30.0,166.3,31.0,249.6,72.0,413.0,73.0,378.0,74.0,267.8
2026-08-31 14:51:57,2026-08-31 13:51:57,btc-updown-15m-1788183900,"August 31, 9:45AM-10:00AM ET",30.0,100.0,31.0,108.0,32.0,27.0,70.0,255.0,71.0,369.0,72.0,333.0
2026-08-31 14:52:02,2026-08-31 13:52:02,btc-updown-15m-1788183900,"August 31, 9:45AM-10:00AM ET",30.0,50.0,31.0,113.0,32.0,227.0,71.0,388.6,72.0,313.0,73.0,388.0
2026-08-31 14:52:05,2026-08-31 13:52:05,btc-updown-15m-1788183900,"August 31, 9:45AM-10:00AM ET",27.0,160.0,28.0,248.0,29.0,257.0,74.0,93.2,75.0,280.0,76.0,440.0
2026-08-31 14:52:09,2026-08-31 13:52:09,btc-updown-15m-1788183900,"August 31, 9:45AM-10:00AM ET",20.0,243.0,21.0,387.0,22.0,6699.6,82.0,139.0,83.0,336.0,84.0,262.0
2026-08-31 14:52:13,2026-08-31 13:52:13,btc-updown-15m-1788183900,"August 31, 9:45AM-10:00AM ET",17.0,153.0,18.0,291.3,19.0,4063.4,84.0,197.0,85.0,319.0,86.0,280.0
2026-08-31 14:52:17,2026-08-31 13:52:17,btc-updown-15m-1788183900,"August 31, 9:45AM-10:00AM ET",15.0,207.6,16.0,262.7,17.0,8137.2,86.0,268.0,87.0,180.0,88.0,287.0
2026-08-31 14:52:21,2026-08-31 13:52:21,btc-updown-15m-1788183900,"August 31, 9:45AM-10:00AM ET",15.0,118.0,16.0,288.0,17.0,343.0,86.0,189.0,87.0,274.0,88.0,395.0
2026-08-31 14:52:26,2026-08-31 13:52:26,btc-updown-15m-1788183900,"August 31, 9:45AM-10:00AM ET",18.0,144.6,19.0,381.4,20.0,4651.1,83.0,60.0,84.0,82.0,85.0,158.0
2026-08-31 14:52:29,2026-08-31 13:52:29,btc-updown-15m-1788183900,"August 31, 9:45AM-10:00AM ET",16.0,417.7,17.0,390.2,18.0,3627.8,85.0,100.0,86.0,50.0,87.0,301.0
2026-08-31 14:52:33,2026-08-31 13:52:33,btc-updown-15m-1788183900,"August 31, 9:45AM-10:00AM ET",16.0,7709.7,17.0,4819.2,18.0,4102.8,85.0,95.0,86.0,50.0,87.0,299.0
2026-08-31 14:52:37,2026-08-31 13:52:37,btc-updown-15m-1788183900,"August 31, 9:45AM-10:00AM ET",14.0,208.8,15.0,229.8,16.0,7110.7,88.0,108.0,89.0,476.0,90.0,482.9
2026-08-31 14:52:41,2026-08-31 13:52:41,btc-updown-15m-1788183900,"August 31, 9:45AM-10:00AM ET",11.0,20.0,12.0,73.7,13.0,184.5,90.0,526.0,91.0,333.0,92.0,301.0
2026-08-31 14:52:45,2026-08-31 13:52:45,btc-updown-15m-1788183900,"August 31, 9:45AM-10:00AM ET",12.0,148.2,13.0,284.5,14.0,11107.8,89.0,175.0,90.0,547.9,91.0,228.0
2026-08-31 14:52:49,2026-08-31 13:52:49,btc-updown-15m-1788183900,"August 31, 9:45AM-10:00AM ET",11.0,266.3,12.0,322.3,13.0,743.5,90.0,30.0,91.0,251.0,92.0,318.9
2026-08-31 14:52:53,2026-08-31 13:52:53,btc-updown-15m-1788183900,"August 31, 9:45AM-10:00AM ET",11.0,113.3,12.0,205.3,13.0,3680.5,90.0,346.0,91.0,297.0,92.0,228.0
2026-08-31 14:52:57,2026-08-31 13:52:57,btc-updown-15m-1788183900,"August 31, 9:45AM-10:00AM ET",14.0,124.9,15.0,108.0,16.0,233.0,87.0,192.0,88.0,180.0,89.0,214.0
2026-08-31 14:53:01,2026-08-31 13:53:01,btc-updown-15m-1788183900,"August 31, 9:45AM-10:00AM ET",14.0,230.0,15.0,323.0,16.0,177.7,87.0,132.0,88.0,380.0,89.0,414.0
2026-08-31 14:53:05,2026-08-31 13:53:05,btc-updown-15m-1788183900,"August 31, 9:45AM-10:00AM ET",13.0,86.3,14.0,110.0,15.0,402.2,88.0,416.0,89.0,368.9,90.0,233.0
2026-08-31 14:53:09,2026-08-31 13:53:09,btc-updown-15m-1788183900,"August 31, 9:45AM-10:00AM ET",14.0,203.0,15.0,163.0,16.0,222.7,87.0,141.0,88.0,133.0,89.0,269.9
2026-08-31 14:53:14,2026-08-31 13:53:14,btc-updown-15m-1788183900,"August 31, 9:45AM-10:00AM ET",17.0,158.0,18.0,256.0,19.0,365.0,85.0,121.2,86.0,138.0,87.0,307.0
2026-08-31 14:53:17,2026-08-31 13:53:17,btc-updown-15m-1788183900,"August 31, 9:45AM-10:00AM ET",17.0,269.2,18.0,281.0,19.0,375.0,84.0,113.0,85.0,253.0,86.0,320.0
2026-08-31 14:53:22,2026-08-31 13:53:22,btc-updown-15m-1788183900,"August 31, 9:45AM-10:00AM ET",14.0,50.0,15.0,258.0,16.0,233.0,87.0,196.0,88.0,328.0,89.0,386.3
2026-08-31 14:53:25,2026-08-31 13:53:25,btc-updown-15m-1788183900,"August 31, 9:45AM-10:00AM ET",10.0,55.0,11.0,187.2,12.0,220.3,91.0,253.6,92.0,396.0,93.0,1165.0
2026-08-31 14:53:30,2026-08-31 13:53:30,btc-updown-15m-1788183900,"August 31, 9:45AM-10:00AM ET",13.0,70.0,14.0,110.0,15.0,257.0,88.0,411.0,89.0,358.0,90.0,294.0
2026-08-31 14:53:34,2026-08-31 13:53:34,btc-updown-15m-1788183900,"August 31, 9:45AM-10:00AM ET",13.0,80.0,14.0,183.0,15.0,1171.0,88.0,20.0,89.0,150.0,90.0,384.0
2026-08-31 14:53:37,2026-08-31 13:53:37,btc-updown-15m-1788183900,"August 31, 9:45AM-10:00AM ET",15.0,163.0,16.0,4795.7,17.0,393.4,86.0,10.0,87.0,239.0,88.0,344.7
2026-08-31 14:53:41,2026-08-31 13:53:41,btc-updown-15m-1788183900,"August 31, 9:45AM-10:00AM ET",12.0,18.0,13.0,263.0,14.0,4125.8,88.0,165.0,89.0,200.0,90.0,283.0
2026-08-31 14:53:45,2026-08-31 13:53:45,btc-updown-15m-1788183900,"August 31, 9:45AM-10:00AM ET",11.0,65.0,12.0,193.0,13.0,8405.5,90.0,234.0,91.0,337.6,92.0,346.0
2026-08-31 14:53:49,2026-08-31 13:53:49,btc-updown-15m-1788183900,"August 31, 9:45AM-10:00AM ET",11.0,60.0,12.0,293.0,13.0,9905.5,90.0,296.0,91.0,382.6,92.0,301.0
2026-08-31 14:53:53,2026-08-31 13:53:53,btc-updown-15m-1788183900,"August 31, 9:45AM-10:00AM ET",9.0,178.0,10.0,275.0,11.0,8290.3,92.0,100.0,93.0,196.0,94.0,272.0
2026-08-31 14:53:57,2026-08-31 13:53:57,btc-updown-15m-1788183900,"August 31, 9:45AM-10:00AM ET",9.0,101.9,10.0,331.4,11.0,4858.3,92.0,100.0,93.0,283.0,94.0,322.0
2026-08-31 14:54:01,2026-08-31 13:54:01,btc-updown-15m-1788183900,"August 31, 9:45AM-10:00AM ET",11.0,109.0,12.0,350.0,13.0,3355.5,90.0,110.0,91.0,283.0,92.0,331.0
2026-08-31 14:54:05,2026-08-31 13:54:05,btc-updown-15m-1788183900,"August 31, 9:45AM-10:00AM ET",11.0,238.0,12.0,3409.0,13.0,2380.5,91.0,196.0,92.0,385.9,93.0,430.0
2026-08-31 14:54:10,2026-08-31 13:54:10,btc-updown-15m-1788183900,"August 31, 9:45AM-10:00AM ET",10.0,25.0,11.0,135.0,12.0,11752.3,91.0,232.0,92.0,430.9,93.0,390.0
2026-08-31 14:54:14,2026-08-31 13:54:14,btc-updown-15m-1788183900,"August 31, 9:45AM-10:00AM ET",10.0,10.0,11.0,323.0,12.0,8131.0,91.0,241.0,92.0,317.9,93.0,303.0
2026-08-31 14:54:17,2026-08-31 13:54:17,btc-updown-15m-1788183900,"August 31, 9:45AM-10:00AM ET",10.0,165.0,11.0,7523.0,12.0,3980.3,91.0,120.0,92.0,362.9,93.0,390.0
2026-08-31 14:54:23,2026-08-31 13:54:23,btc-updown-15m-1788183900,"August 31, 9:45AM-10:00AM ET",10.0,245.0,11.0,8653.3,12.0,3746.3,91.0,345.6,92.0,362.9,93.0,380.0
2026-08-31 14:54:25,2026-08-31 13:54:25,btc-updown-15m-1788183900,"August 31, 9:45AM-10:00AM ET",9.0,4202.9,10.0,464.4,11.0,3831.3,92.0,84.9,93.0,335.0,94.0,397.0
2026-08-31 14:54:30,2026-08-31 13:54:30,btc-updown-15m-1788183900,"August 31, 9:45AM-10:00AM ET",8.0,167.5,9.0,2512.9,10.0,4520.4,93.0,388.5,94.0,520.0,95.0,388.0
2026-08-31 14:54:33,2026-08-31 13:54:33,btc-updown-15m-1788183900,"August 31, 9:45AM-10:00AM ET",9.0,13270.9,10.0,4471.4,11.0,5137.3,92.0,4.0,93.0,242.8,94.0,465.0
2026-08-31 14:54:37,2026-08-31 13:54:37,btc-updown-15m-1788183900,"August 31, 9:45AM-10:00AM ET",8.0,15.0,9.0,9317.9,10.0,5903.4,93.0,360.9,94.0,312.0,95.0,268.0
2026-08-31 14:54:41,2026-08-31 13:54:41,btc-updown-15m-1788183900,"August 31, 9:45AM-10:00AM ET",8.0,200.0,9.0,514.9,10.0,4127.4,93.0,127.3,94.0,347.0,95.0,313.0
2026-08-31 14:54:45,2026-08-31 13:54:45,btc-updown-15m-1788183900,"August 31, 9:45AM-10:00AM ET",9.0,190.0,10.0,9085.0,11.0,4384.0,92.0,149.0,93.0,326.3,94.0,173.0
2026-08-31 14:54:49,2026-08-31 13:54:49,btc-updown-15m-1788183900,"August 31, 9:45AM-10:00AM ET",10.0,30.0,11.0,2779.0,12.0,5498.0,91.0,201.2,92.0,338.0,93.0,255.0
2026-08-31 14:54:53,2026-08-31 13:54:53,btc-updown-15m-1788183900,"August 31, 9:45AM-10:00AM ET",11.0,114.5,12.0,2912.0,13.0,3158.0,90.0,149.0,91.0,245.0,92.0,210.7
2026-08-31 14:54:57,2026-08-31 13:54:57,btc-updown-15m-1788183900,"August 31, 9:45AM-10:00AM ET",10.0,15.0,11.0,105.0,12.0,4832.0,91.0,383.6,92.0,293.0,93.0,400.0
2026-08-31 14:55:02,2026-08-31 13:55:02,btc-updown-15m-1788183900,"August 31, 9:45AM-10:00AM ET",12.0,5063.0,13.0,7055.0,14.0,1992.0,89.0,115.0,90.0,225.0,91.0,140.0
2026-08-31 14:55:05,2026-08-31 13:55:05,btc-updown-15m-1788183900,"August 31, 9:45AM-10:00AM ET",12.0,532.0,13.0,4169.0,14.0,1512.0,89.0,113.9,90.0,225.0,91.0,95.0
2026-08-31 14:55:10,2026-08-31 13:55:10,btc-updown-15m-1788183900,"August 31, 9:45AM-10:00AM ET",10.0,155.0,11.0,202.0,12.0,3495.8,92.0,316.0,93.0,340.0,94.0,380.0
2026-08-31 14:55:13,2026-08-31 13:55:13,btc-updown-15m-1788183900,"August 31, 9:45AM-10:00AM ET",12.0,212.1,13.0,2682.0,14.0,1715.0,89.0,230.0,90.0,295.0,91.0,250.0
2026-08-31 14:55:18,2026-08-31 13:55:18,btc-updown-15m-1788183900,"August 31, 9:45AM-10:00AM ET",11.0,771.0,12.0,5213.0,13.0,6225.0,89.0,38.0,90.0,72.0,91.0,205.0
2026-08-31 14:55:22,2026-08-31 13:55:22,btc-updown-15m-1788183900,"August 31, 9:45AM-10:00AM ET",12.0,459.0,13.0,5113.5,14.0,2644.8,89.0,20.5,90.0,185.0,91.0,205.0
2026-08-31 14:55:25,2026-08-31 13:55:25,btc-updown-15m-1788183900,"August 31, 9:45AM-10:00AM ET",12.0,557.9,13.0,260.0,14.0,4011.0,89.0,170.8,90.0,275.0,91.0,355.0
2026-08-31 14:55:30,2026-08-31 13:55:30,btc-updown-15m-1788183900,"August 31, 9:45AM-10:00AM ET",11.0,5.0,12.0,71.3,13.0,8488.0,89.0,10.0,90.0,180.0,91.0,286.0
2026-08-31 14:55:35,2026-08-31 13:55:35,btc-updown-15m-1788183900,"August 31, 9:45AM-10:00AM ET",10.0,105.0,11.0,274.3,12.0,5319.2,90.0,25.0,91.0,132.0,92.0,230.0
2026-08-31 14:55:38,2026-08-31 13:55:38,btc-updown-15m-1788183900,"August 31, 9:45AM-10:00AM ET",11.0,104.0,12.0,6404.9,13.0,5523.0,90.0,394.0,91.0,399.0,92.0,392.1
2026-08-31 14:55:41,2026-08-31 13:55:41,btc-updown-15m-1788183900,"August 31, 9:45AM-10:00AM ET",11.0,104.0,12.0,10252.9,13.0,4901.0,90.0,386.8,91.0,389.0,92.0,605.7
2026-08-31 14:55:46,2026-08-31 13:55:46,btc-updown-15m-1788183900,"August 31, 9:45AM-10:00AM ET",21.0,94.1,22.0,129.0,24.0,2467.0,80.0,5.0,81.0,110.0,82.0,160.0
2026-08-31 14:55:50,2026-08-31 13:55:50,btc-updown-15m-1788183900,"August 31, 9:45AM-10:00AM ET",23.0,79.9,24.0,77.0,25.0,213.0,76.0,75.0,77.0,79.1,78.0,135.6
2026-08-31 14:55:53,2026-08-31 13:55:53,btc-updown-15m-1788183900,"August 31, 9:45AM-10:00AM ET",21.0,10.0,22.0,110.0,23.0,250.0,80.0,270.1,81.0,403.4,82.0,309.8
2026-08-31 14:55:57,2026-08-31 13:55:57,btc-updown-15m-1788183900,"August 31, 9:45AM-10:00AM ET",22.0,105.0,23.0,238.8,24.0,177.0,79.0,136.0,80.0,236.1,81.0,353.4
2026-08-31 14:56:02,2026-08-31 13:56:02,btc-updown-15m-1788183900,"August 31, 9:45AM-10:00AM ET",19.0,75.0,20.0,196.0,21.0,328.0,82.0,202.0,83.0,120.5,84.0,225.0
2026-08-31 14:56:06,2026-08-31 13:56:06,btc-updown-15m-1788183900,"August 31, 9:45AM-10:00AM ET",21.0,280.0,22.0,287.0,23.0,279.8,80.0,15.0,81.0,75.0,82.0,58.0
2026-08-31 14:56:10,2026-08-31 13:56:10,btc-updown-15m-1788183900,"August 31, 9:45AM-10:00AM ET",20.0,6974.0,21.0,306.0,22.0,1475.0,81.0,113.0,82.0,365.0,83.0,278.0
2026-08-31 14:56:14,2026-08-31 13:56:14,btc-updown-15m-1788183900,"August 31, 9:45AM-10:00AM ET",27.0,79.2,28.0,62.5,29.0,262.0,74.0,38.6,75.0,183.0,76.0,312.0
2026-08-31 14:56:17,2026-08-31 13:56:17,btc-updown-15m-1788183900,"August 31, 9:45AM-10:00AM ET",33.0,93.0,34.0,275.0,35.0,322.0,70.0,83.0,71.0,228.0,72.0,333.0
2026-08-31 14:56:22,2026-08-31 13:56:22,btc-updown-15m-1788183900,"August 31, 9:45AM-10:00AM ET",32.0,151.0,33.0,341.0,34.0,345.0,68.0,110.0,69.0,108.0,70.0,163.0
2026-08-31 14:56:25,2026-08-31 13:56:25,btc-updown-15m-1788183900,"August 31, 9:45AM-10:00AM ET",33.0,251.0,34.0,340.0,35.0,255.0,68.0,15.0,69.0,115.0,70.0,208.0
2026-08-31 14:56:29,2026-08-31 13:56:29,btc-updown-15m-1788183900,"August 31, 9:45AM-10:00AM ET",33.0,110.0,34.0,158.0,35.0,238.0,67.0,20.0,68.0,249.0,69.0,251.0
2026-08-31 14:56:33,2026-08-31 13:56:33,btc-updown-15m-1788183900,"August 31, 9:45AM-10:00AM ET",34.0,120.0,35.0,168.0,36.0,356.0,67.0,120.0,68.0,113.0,69.0,304.4
2026-08-31 14:56:37,2026-08-31 13:56:37,btc-updown-15m-1788183900,"August 31, 9:45AM-10:00AM ET",34.0,120.0,35.0,318.0,36.0,356.0,63.0,8.0,64.0,273.8,65.0,223.0
2026-08-31 14:56:41,2026-08-31 13:56:41,btc-updown-15m-1788183900,"August 31, 9:45AM-10:00AM ET",40.0,243.0,41.0,339.0,42.0,6994.0,69.0,78.3,70.0,219.0,71.0,82.0
2026-08-31 14:56:46,2026-08-31 13:56:46,btc-updown-15m-1788183900,"August 31, 9:45AM-10:00AM ET",27.0,200.0,28.0,218.0,29.0,233.0,74.0,121.0,75.0,135.0,76.0,362.1
2026-08-31 14:56:49,2026-08-31 13:56:49,btc-updown-15m-1788183900,"August 31, 9:45AM-10:00AM ET",23.0,99.1,24.0,163.0,25.0,3906.0,78.0,169.0,79.0,198.0,80.0,144.0
2026-08-31 14:56:53,2026-08-31 13:56:53,btc-updown-15m-1788183900,"August 31, 9:45AM-10:00AM ET",25.0,237.2,26.0,344.0,27.0,8984.0,77.0,110.0,78.0,108.0,79.0,258.0
2026-08-31 14:56:58,2026-08-31 13:56:58,btc-updown-15m-1788183900,"August 31, 9:45AM-10:00AM ET",24.0,105.0,25.0,207.2,26.0,264.0,77.0,212.8,78.0,158.0,79.0,228.0
2026-08-31 14:57:01,2026-08-31 13:57:01,btc-updown-15m-1788183900,"August 31, 9:45AM-10:00AM ET",29.0,74.0,30.0,244.0,31.0,198.0,72.0,56.6,73.0,73.0,74.0,178.0
2026-08-31 14:57:05,2026-08-31 13:57:05,btc-updown-15m-1788183900,"August 31, 9:45AM-10:00AM ET",21.0,195.0,22.0,228.0,23.0,148.0,78.0,105.0,79.0,5.0,80.0,264.0
2026-08-31 14:57:09,2026-08-31 13:57:09,btc-updown-15m-1788183900,"August 31, 9:45AM-10:00AM ET",17.0,223.0,18.0,233.0,19.0,1821.0,84.0,191.0,85.0,147.0,86.0,290.0
2026-08-31 14:57:13,2026-08-31 13:57:13,btc-updown-15m-1788183900,"August 31, 9:45AM-10:00AM ET",15.0,4075.0,16.0,5850.0,17.0,327.0,87.0,192.0,88.0,147.0,89.0,186.0
2026-08-31 14:57:17,2026-08-31 13:57:17,btc-updown-15m-1788183900,"August 31, 9:45AM-10:00AM ET",14.0,138.0,15.0,8206.0,16.0,5536.0,87.0,136.0,88.0,110.0,89.0,419.0
2026-08-31 14:57:21,2026-08-31 13:57:21,btc-updown-15m-1788183900,"August 31, 9:45AM-10:00AM ET",11.0,7653.0,12.0,6264.3,13.0,1601.5,90.0,105.0,92.0,201.0,93.0,172.0
2026-08-31 14:57:25,2026-08-31 13:57:25,btc-updown-15m-1788183900,"August 31, 9:45AM-10:00AM ET",8.0,100.7,9.0,6819.9,10.0,4428.4,93.0,158.0,94.0,197.0,95.0,238.0
2026-08-31 14:57:29,2026-08-31 13:57:29,btc-updown-15m-1788183900,"August 31, 9:45AM-10:00AM ET",5.0,211.0,6.0,2614.0,7.0,5490.9,96.0,92.0,97.0,359.2,98.0,446.0
2026-08-31 14:57:33,2026-08-31 13:57:33,btc-updown-15m-1788183900,"August 31, 9:45AM-10:00AM ET",6.0,176.0,7.0,1290.0,8.0,5711.7,95.0,93.4,96.0,166.9,97.0,369.2
2026-08-31 14:57:37,2026-08-31 13:57:37,btc-updown-15m-1788183900,"August 31, 9:45AM-10:00AM ET",5.0,274.6,6.0,10379.0,7.0,9595.0,96.0,37.0,97.0,354.2,98.0,441.0
2026-08-31 14:57:41,2026-08-31 13:57:41,btc-updown-15m-1788183900,"August 31, 9:45AM-10:00AM ET",4.0,248.1,5.0,7252.4,6.0,10607.0,97.0,62.2,98.0,443.0,99.0,2766.8
2026-08-31 14:57:45,2026-08-31 13:57:45,btc-updown-15m-1788183900,"August 31, 9:45AM-10:00AM ET",4.0,282.0,5.0,12987.4,6.0,5947.0,97.0,42.0,98.0,180.0,99.0,917.3
2026-08-31 14:57:50,2026-08-31 13:57:50,btc-updown-15m-1788183900,"August 31, 9:45AM-10:00AM ET",3.0,200.4,4.0,403.9,5.0,14228.4,98.0,8.0,99.0,671.0,,
2026-08-31 14:57:54,2026-08-31 13:57:54,btc-updown-15m-1788183900,"August 31, 9:45AM-10:00AM ET",3.0,155.8,4.0,353.9,5.0,15670.4,98.0,13.0,99.0,802.3,,
2026-08-31 14:57:57,2026-08-31 13:57:57,btc-updown-15m-1788183900,"August 31, 9:45AM-10:00AM ET",4.0,244.9,5.0,15829.4,6.0,5751.0,97.0,112.9,98.0,108.0,99.0,1082.3
2026-08-31 14:58:02,2026-08-31 13:58:02,btc-updown-15m-1788183900,"August 31, 9:45AM-10:00AM ET",4.0,178.1,5.0,1123.0,6.0,12526.0,97.0,15.0,98.0,120.0,99.0,802.3
2026-08-31 14:58:05,2026-08-31 13:58:05,btc-updown-15m-1788183900,"August 31, 9:45AM-10:00AM ET",3.0,155.0,4.0,291.4,5.0,9068.4,99.0,666.0,,,,
2026-08-31 14:58:09,2026-08-31 13:58:09,btc-updown-15m-1788183900,"August 31, 9:45AM-10:00AM ET",2.0,165.0,3.0,287.7,4.0,2390.4,99.0,613.0,,,,
2026-08-31 14:58:13,2026-08-31 13:58:13,btc-updown-15m-1788183900,"August 31, 9:45AM-10:00AM ET",2.0,5.0,3.0,180.0,4.0,316.4,99.0,797.3,,,,
2026-08-31 14:58:17,2026-08-31 13:58:17,btc-updown-15m-1788183900,"August 31, 9:45AM-10:00AM ET",3.0,195.0,4.0,389.4,5.0,3496.4,98.0,60.0,99.0,797.3,,
2026-08-31 15:00:02,2026-08-31 14:00:02,btc-updown-15m-1788184800,"August 31, 10:00AM-10:15AM ET",56.0,79.0,57.0,126.0,58.0,1167.0,48.0,45.0,49.0,150.3,50.0,158.1
2026-08-31 15:00:05,2026-08-31 14:00:05,btc-updown-15m-1788184800,"August 31, 10:00AM-10:15AM ET",57.0,106.0,58.0,106.0,59.0,249.0,44.0,245.0,45.0,325.0,46.0,330.0
2026-08-31 15:00:09,2026-08-31 14:00:09,btc-updown-15m-1788184800,"August 31, 10:00AM-10:15AM ET",60.0,108.0,61.0,163.0,62.0,373.3,41.0,223.5,42.0,411.0,43.0,272.0
2026-08-31 15:00:13,2026-08-31 14:00:13,btc-updown-15m-1788184800,"August 31, 10:00AM-10:15AM ET",58.0,120.0,59.0,205.0,60.0,374.0,44.0,15.0,45.0,50.0,46.0,120.0
2026-08-31 15:00:18,2026-08-31 14:00:18,btc-updown-15m-1788184800,"August 31, 10:00AM-10:15AM ET",57.0,163.0,58.0,328.0,59.0,308.0,44.0,150.0,45.0,271.0,46.0,383.0
2026-08-31 15:00:21,2026-08-31 14:00:21,btc-updown-15m-1788184800,"August 31, 10:00AM-10:15AM ET",55.0,8.0,56.0,158.0,57.0,358.0,46.0,330.0,47.0,333.9,48.0,345.2
2026-08-31 15:00:27,2026-08-31 14:00:27,btc-updown-15m-1788184800,"August 31, 10:00AM-10:15AM ET",57.0,213.0,58.0,349.0,59.0,358.0,45.0,225.0,46.0,388.0,47.0,383.6
2026-08-31 15:00:30,2026-08-31 14:00:30,btc-updown-15m-1788184800,"August 31, 10:00AM-10:15AM ET",56.0,10.0,57.0,125.5,58.0,349.0,45.0,307.7,46.0,383.0,47.0,2564.6
2026-08-31 15:00:33,2026-08-31 14:00:33,btc-updown-15m-1788184800,"August 31, 10:00AM-10:15AM ET",56.0,403.0,57.0,393.0,58.0,341.3,45.0,100.0,46.0,235.0,47.0,201.6
2026-08-31 15:00:37,2026-08-31 14:00:37,btc-updown-15m-1788184800,"August 31, 10:00AM-10:15AM ET",56.0,225.6,57.0,278.3,58.0,383.3,45.0,283.2,46.0,333.0,47.0,281.6
2026-08-31 15:00:43,2026-08-31 14:00:43,btc-updown-15m-1788184800,"August 31, 10:00AM-10:15AM ET",56.0,7.6,57.0,113.0,58.0,279.3,45.0,388.5,46.0,403.2,47.0,314.8
2026-08-31 15:00:45,2026-08-31 14:00:45,btc-updown-15m-1788184800,"August 31, 10:00AM-10:15AM ET",56.0,310.0,57.0,320.4,58.0,359.3,45.0,9.8,46.0,105.0,47.0,115.6
2026-08-31 15:00:49,2026-08-31 14:00:49,btc-updown-15m-1788184800,"August 31, 10:00AM-10:15AM ET",56.0,5.3,57.0,365.4,58.0,452.3,44.0,100.0,45.0,165.1,46.0,143.2
2026-08-31 15:00:53,2026-08-31 14:00:53,btc-updown-15m-1788184800,"August 31, 10:00AM-10:15AM ET",53.0,320.1,54.0,293.2,55.0,383.3,48.0,141.8,49.0,89.6,50.0,151.2
2026-08-31 15:00:58,2026-08-31 14:00:58,btc-updown-15m-1788184800,"August 31, 10:00AM-10:15AM ET",52.0,7.0,53.0,45.0,54.0,5.0,46.0,100.0,47.0,346.0,48.0,238.2
2026-08-31 15:01:02,2026-08-31 14:01:02,btc-updown-15m-1788184800,"August 31, 10:00AM-10:15AM ET",52.0,365.2,53.0,325.7,54.0,598.2,50.0,50.0,51.0,198.2,52.0,83.2
2026-08-31 15:01:06,2026-08-31 14:01:06,btc-updown-15m-1788184800,"August 31, 10:00AM-10:15AM ET",51.0,10.0,52.0,308.0,53.0,275.0,50.0,50.0,51.0,181.2,52.0,183.2
2026-08-31 15:01:09,2026-08-31 14:01:09,btc-updown-15m-1788184800,"August 31, 10:00AM-10:15AM ET",52.0,228.0,53.0,372.0,54.0,477.2,49.0,120.2,50.0,108.0,51.0,364.4
2026-08-31 15:01:14,2026-08-31 14:01:14,btc-updown-15m-1788184800,"August 31, 10:00AM-10:15AM ET",52.0,125.0,53.0,328.0,54.0,500.2,49.0,454.1,50.0,359.0,51.0,364.4
2026-08-31 15:01:17,2026-08-31 14:01:17,btc-updown-15m-1788184800,"August 31, 10:00AM-10:15AM ET",54.0,50.0,55.0,430.3,56.0,348.3,47.0,105.0,48.0,338.2,49.0,248.8
2026-08-31 15:01:21,2026-08-31 14:01:21,btc-updown-15m-1788184800,"August 31, 10:00AM-10:15AM ET",50.0,82.0,51.0,340.4,52.0,333.2,51.0,76.2,52.0,133.0,53.0,268.2
2026-08-31 15:01:26,2026-08-31 14:01:26,btc-updown-15m-1788184800,"August 31, 10:00AM-10:15AM ET",55.0,100.0,56.0,238.0,57.0,163.3,46.0,233.2,47.0,353.2,48.0,298.2
2026-08-31 15:01:29,2026-08-31 14:01:29,btc-updown-15m-1788184800,"August 31, 10:00AM-10:15AM ET",54.0,70.0,55.0,133.0,56.0,188.3,47.0,150.0,48.0,363.2,49.0,343.2
2026-08-31 15:01:34,2026-08-31 14:01:34,btc-updown-15m-1788184800,"August 31, 10:00AM-10:15AM ET",56.0,288.0,57.0,361.3,58.0,169.3,47.0,200.0,48.0,313.2,49.0,268.2
2026-08-31 15:01:37,2026-08-31 14:01:37,btc-updown-15m-1788184800,"August 31, 10:00AM-10:15AM ET",54.0,293.2,55.0,343.3,56.0,208.3,47.0,10.0,48.0,157.8,49.0,243.0
2026-08-31 15:01:41,2026-08-31 14:01:41,btc-updown-15m-1788184800,"August 31, 10:00AM-10:15AM ET",52.0,10.0,53.0,238.2,54.0,233.2,49.0,283.6,50.0,358.0,51.0,462.5
2026-08-31 15:01:45,2026-08-31 14:01:45,btc-updown-15m-1788184800,"August 31, 10:00AM-10:15AM ET",54.0,180.0,55.0,220.0,56.0,253.3,47.0,160.2,48.0,338.2,49.0,348.2
2026-08-31 15:01:49,2026-08-31 14:01:49,btc-updown-15m-1788184800,"August 31, 10:00AM-10:15AM ET",53.0,5.0,54.0,233.0,55.0,325.3,48.0,278.4,49.0,358.2,50.0,313.2
2026-08-31 15:01:53,2026-08-31 14:01:53,btc-updown-15m-1788184800,"August 31, 10:00AM-10:15AM ET",53.0,355.2,54.0,238.2,55.0,6658.3,48.0,3.4,49.0,5.0,50.0,113.0
2026-08-31 15:01:57,2026-08-31 14:01:57,btc-updown-15m-1788184800,"August 31, 10:00AM-10:15AM ET",51.0,315.2,52.0,233.2,53.0,281.2,50.0,60.0,51.0,287.3,52.0,278.0
2026-08-31 15:02:01,2026-08-31 14:02:01,btc-updown-15m-1788184800,"August 31, 10:00AM-10:15AM ET",51.0,378.0,52.0,233.0,53.0,226.8,50.0,10.4,51.0,261.3,52.0,353.0
2026-08-31 15:02:06,2026-08-31 14:02:06,btc-updown-15m-1788184800,"August 31, 10:00AM-10:15AM ET",54.0,50.0,55.0,228.0,56.0,188.0,44.0,215.3,45.0,343.3,46.0,433.2
2026-08-31 15:02:09,2026-08-31 14:02:09,btc-updown-15m-1788184800,"August 31, 10:00AM-10:15AM ET",56.0,255.0,57.0,220.0,58.0,238.3,45.0,128.0,46.0,213.2,47.0,410.2
2026-08-31 15:02:13,2026-08-31 14:02:13,btc-updown-15m-1788184800,"August 31, 10:00AM-10:15AM ET",54.0,120.0,55.0,248.0,56.0,138.3,47.0,223.2,48.0,363.2,49.0,464.2
2026-08-31 15:02:17,2026-08-31 14:02:17,btc-updown-15m-1788184800,"August 31, 10:00AM-10:15AM ET",56.0,193.3,57.0,163.3,58.0,247.3,45.0,75.0,46.0,233.0,47.0,380.6
2026-08-31 15:02:21,2026-08-31 14:02:21,btc-updown-15m-1788184800,"August 31, 10:00AM-10:15AM ET",62.0,60.0,63.0,145.0,64.0,252.6,40.0,161.7,41.0,208.0,42.0,359.0
2026-08-31 15:02:25,2026-08-31 14:02:25,btc-updown-15m-1788184800,"August 31, 10:00AM-10:15AM ET",58.0,106.5,59.0,180.4,60.0,58.4,43.0,365.7,44.0,298.3,45.0,2463.3
2026-08-31 15:02:29,2026-08-31 14:02:29,btc-updown-15m-1788184800,"August 31, 10:00AM-10:15AM ET",59.0,205.4,60.0,163.4,61.0,233.5,42.0,218.1,43.0,288.0,44.0,293.0
2026-08-31 15:02:33,2026-08-31 14:02:33,btc-updown-15m-1788184800,"August 31, 10:00AM-10:15AM ET",58.0,185.0,59.0,158.4,60.0,63.4,43.0,238.0,44.0,298.0,45.0,1204.3
2026-08-31 15:02:37,2026-08-31 14:02:37,btc-updown-15m-1788184800,"August 31, 10:00AM-10:15AM ET",58.0,278.1,59.0,233.4,60.0,310.4,43.0,5.0,44.0,168.0,45.0,393.3
2026-08-31 15:02:41,2026-08-31 14:02:41,btc-updown-15m-1788184800,"August 31, 10:00AM-10:15AM ET",56.0,185.0,57.0,228.3,58.0,288.3,45.0,55.0,46.0,233.0,47.0,411.6
2026-08-31 15:02:46,2026-08-31 14:02:46,btc-updown-15m-1788184800,"August 31, 10:00AM-10:15AM ET",54.0,20.0,55.0,175.3,56.0,238.3,47.0,268.0,48.0,238.2,49.0,407.2
2026-08-31 15:02:50,2026-08-31 14:02:50,btc-updown-15m-1788184800,"August 31, 10:00AM-10:15AM ET",61.0,105.0,62.0,115.5,63.0,154.6,37.0,100.0,38.0,130.0,39.0,303.0
2026-08-31 15:02:53,2026-08-31 14:02:53,btc-updown-15m-1788184800,"August 31, 10:00AM-10:15AM ET",66.0,50.0,67.0,105.9,68.0,82.0,34.0,150.0,35.0,238.0,36.0,10067.6
2026-08-31 15:02:57,2026-08-31 14:02:57,btc-updown-15m-1788184800,"August 31, 10:00AM-10:15AM ET",68.0,114.0,69.0,519.1,70.0,364.2,33.0,268.0,34.0,7845.0,35.0,5213.0
2026-08-31 15:03:01,2026-08-31 14:03:01,btc-updown-15m-1788184800,"August 31, 10:00AM-10:15AM ET",68.0,124.7,69.0,559.1,70.0,388.2,33.0,190.6,34.0,348.0,35.0,403.7
2026-08-31 15:03:05,2026-08-31 14:03:05,btc-updown-15m-1788184800,"August 31, 10:00AM-10:15AM ET",69.0,237.6,70.0,289.2,71.0,173.3,32.0,388.0,33.0,384.5,34.0,7483.8
2026-08-31 15:03:09,2026-08-31 14:03:09,btc-updown-15m-1788184800,"August 31, 10:00AM-10:15AM ET",70.0,349.2,71.0,273.3,72.0,273.4,31.0,100.0,32.0,190.0,33.0,323.6
2026-08-31 15:03:13,2026-08-31 14:03:13,btc-updown-15m-1788184800,"August 31, 10:00AM-10:15AM ET",69.0,123.0,70.0,344.2,71.0,249.3,32.0,246.9,33.0,243.6,34.0,8564.8
2026-08-31 15:03:17,2026-08-31 14:03:17,btc-updown-15m-1788184800,"August 31, 10:00AM-10:15AM ET",67.0,358.9,68.0,214.0,69.0,379.1,34.0,105.0,35.0,115.0,36.0,310.0
2026-08-31 15:03:22,2026-08-31 14:03:22,btc-updown-15m-1788184800,"August 31, 10:00AM-10:15AM ET",65.0,253.7,66.0,235.8,67.0,269.9,36.0,175.0,37.0,210.3,38.0,407.0
2026-08-31 15:03:25,2026-08-31 14:03:25,btc-updown-15m-1788184800,"August 31, 10:00AM-10:15AM ET",68.0,198.0,69.0,262.1,70.0,351.2,33.0,260.0,34.0,340.8,35.0,343.7
2026-08-31 15:03:29,2026-08-31 14:03:29,btc-updown-15m-1788184800,"August 31, 10:00AM-10:15AM ET",68.0,254.0,69.0,223.9,70.0,358.2,33.0,154.2,34.0,185.0,35.0,350.0
2026-08-31 15:03:33,2026-08-31 14:03:33,btc-updown-15m-1788184800,"August 31, 10:00AM-10:15AM ET",70.0,234.1,71.0,268.3,72.0,253.4,31.0,115.0,32.0,280.0,33.0,373.1
2026-08-31 15:03:37,2026-08-31 14:03:37,btc-updown-15m-1788184800,"August 31, 10:00AM-10:15AM ET",74.0,6.8,75.0,64.9,76.0,60.1,27.0,330.0,28.0,283.0,29.0,8414.0
2026-08-31 15:03:41,2026-08-31 14:03:41,btc-updown-15m-1788184800,"August 31, 10:00AM-10:15AM ET",77.0,173.1,78.0,257.6,79.0,145.8,24.0,265.1,25.0,284.3,26.0,351.2
2026-08-31 15:03:45,2026-08-31 14:03:45,btc-updown-15m-1788184800,"August 31, 10:00AM-10:15AM ET",81.0,108.4,82.0,108.8,83.0,243.2,20.0,248.0,21.0,268.0,22.0,349.5
2026-08-31 15:03:49,2026-08-31 14:03:49,btc-updown-15m-1788184800,"August 31, 10:00AM-10:15AM ET",82.0,108.8,83.0,109.2,84.0,176.7,19.0,418.0,20.0,6690.0,21.0,453.0
2026-08-31 15:03:53,2026-08-31 14:03:53,btc-updown-15m-1788184800,"August 31, 10:00AM-10:15AM ET",82.0,108.8,83.0,164.2,84.0,147.7,19.0,293.0,20.0,353.0,21.0,526.0
2026-08-31 15:03:58,2026-08-31 14:03:58,btc-updown-15m-1788184800,"August 31, 10:00AM-10:15AM ET",81.0,165.0,82.0,137.5,83.0,192.2,20.0,244.2,21.0,343.0,22.0,365.5
2026-08-31 15:04:02,2026-08-31 14:04:02,btc-updown-15m-1788184800,"August 31, 10:00AM-10:15AM ET",81.0,245.3,82.0,382.5,83.0,1761.2,21.0,10.0,23.0,50.0,24.0,228.0
2026-08-31 15:04:05,2026-08-31 14:04:05,btc-updown-15m-1788184800,"August 31, 10:00AM-10:15AM ET",77.0,50.0,78.0,138.7,79.0,298.0,24.0,5.0,25.0,105.0,26.0,277.2
2026-08-31 15:04:09,2026-08-31 14:04:09,btc-updown-15m-1788184800,"August 31, 10:00AM-10:15AM ET",76.0,243.0,77.0,451.0,78.0,7793.3,25.0,85.0,26.0,48.0,27.0,369.6
2026-08-31 15:04:13,2026-08-31 14:04:13,btc-updown-15m-1788184800,"August 31, 10:00AM-10:15AM ET",76.0,8.0,77.0,103.0,78.0,298.0,25.0,110.0,26.0,330.0,27.0,356.6
2026-08-31 15:04:17,2026-08-31 14:04:17,btc-updown-15m-1788184800,"August 31, 10:00AM-10:15AM ET",74.0,5.0,75.0,173.0,76.0,423.0,27.0,100.0,28.0,203.0,29.0,362.0
2026-08-31 15:04:21,2026-08-31 14:04:21,btc-updown-15m-1788184800,"August 31, 10:00AM-10:15AM ET",78.0,145.0,79.0,260.1,80.0,309.5,24.0,160.0,25.0,338.0,26.0,380.0
2026-08-31 15:04:25,2026-08-31 14:04:25,btc-updown-15m-1788184800,"August 31, 10:00AM-10:15AM ET",78.0,145.0,79.0,271.1,80.0,301.4,23.0,35.0,24.0,205.0,25.0,363.0
2026-08-31 15:04:29,2026-08-31 14:04:29,btc-updown-15m-1788184800,"August 31, 10:00AM-10:15AM ET",77.0,173.0,78.0,153.0,79.0,198.0,24.0,113.2,25.0,340.0,26.0,339.0
2026-08-31 15:04:33,2026-08-31 14:04:33,btc-updown-15m-1788184800,"August 31, 10:00AM-10:15AM ET",77.0,181.0,78.0,277.0,79.0,2159.0,24.0,40.0,25.0,105.0,26.0,363.0
2026-08-31 15:04:38,2026-08-31 14:04:38,btc-updown-15m-1788184800,"August 31, 10:00AM-10:15AM ET",77.0,153.0,78.0,292.0,79.0,268.0,24.0,20.0,25.0,68.0,26.0,344.0
2026-08-31 15:04:41,2026-08-31 14:04:41,btc-updown-15m-1788184800,"August 31, 10:00AM-10:15AM ET",77.0,145.0,78.0,228.0,79.0,365.0,24.0,185.0,25.0,223.0,26.0,259.0
2026-08-31 15:04:45,2026-08-31 14:04:45,btc-updown-15m-1788184800,"August 31, 10:00AM-10:15AM ET",79.0,204.9,80.0,358.4,81.0,317.7,22.0,10.0,23.0,65.0,24.0,333.0
2026-08-31 15:04:50,2026-08-31 14:04:50,btc-updown-15m-1788184800,"August 31, 10:00AM-10:15AM ET",75.0,60.0,76.0,145.0,77.0,198.0,26.0,139.0,27.0,398.0,28.0,399.0
2026-08-31 15:04:53,2026-08-31 14:04:53,btc-updown-15m-1788184800,"August 31, 10:00AM-10:15AM ET",75.0,53.0,76.0,278.0,77.0,480.0,26.0,130.0,27.0,110.0,28.0,280.0
2026-08-31 15:04:57,2026-08-31 14:04:57,btc-updown-15m-1788184800,"August 31, 10:00AM-10:15AM ET",74.0,305.3,75.0,407.0,76.0,238.0,27.0,115.0,28.0,118.0,29.0,148.0
2026-08-31 15:05:02,2026-08-31 14:05:02,btc-updown-15m-1788184800,"August 31, 10:00AM-10:15AM ET",73.0,266.3,74.0,311.3,75.0,290.0,29.0,100.0,30.0,357.0,31.0,363.0
2026-08-31 15:05:06,2026-08-31 14:05:06,btc-updown-15m-1788184800,"August 31, 10:00AM-10:15AM ET",74.0,120.3,75.0,250.0,76.0,310.0,26.0,25.0,27.0,5.0,28.0,133.0
2026-08-31 15:05:09,2026-08-31 14:05:09,btc-updown-15m-1788184800,"August 31, 10:00AM-10:15AM ET",72.0,383.0,73.0,403.0,74.0,268.0,29.0,125.0,30.0,200.0,31.0,163.0
2026-08-31 15:05:13,2026-08-31 14:05:13,btc-updown-15m-1788184800,"August 31, 10:00AM-10:15AM ET",73.0,493.1,74.0,359.0,75.0,5137.0,28.0,10.0,29.0,110.0,30.0,198.0
2026-08-31 15:05:18,2026-08-31 14:05:18,btc-updown-15m-1788184800,"August 31, 10:00AM-10:15AM ET",72.0,406.6,73.0,473.1,74.0,264.0,29.0,20.0,30.0,229.7,31.0,271.0
2026-08-31 15:05:21,2026-08-31 14:05:21,btc-updown-15m-1788184800,"August 31, 10:00AM-10:15AM ET",69.0,455.0,70.0,312.3,71.0,238.0,34.0,138.8,35.0,160.0,36.0,60.0
2026-08-31 15:05:25,2026-08-31 14:05:25,btc-updown-15m-1788184800,"August 31, 10:00AM-10:15AM ET",60.0,75.0,61.0,223.4,62.0,225.0,41.0,129.0,42.0,179.0,43.0,173.0
2026-08-31 15:05:29,2026-08-31 14:05:29,btc-updown-15m-1788184800,"August 31, 10:00AM-10:15AM ET",66.0,242.0,67.0,281.0,68.0,680.0,35.0,140.0,36.0,105.0,37.0,58.0
2026-08-31 15:05:34,2026-08-31 14:05:34,btc-updown-15m-1788184800,"August 31, 10:00AM-10:15AM ET",70.0,146.0,71.0,252.0,72.0,251.6,31.0,165.0,32.0,280.0,33.0,278.0
2026-08-31 15:05:37,2026-08-31 14:05:37,btc-updown-15m-1788184800,"August 31, 10:00AM-10:15AM ET",67.0,242.0,68.0,283.0,69.0,338.0,34.0,85.0,35.0,105.0,36.0,258.0
2026-08-31 15:05:42,2026-08-31 14:05:42,btc-updown-15m-1788184800,"August 31, 10:00AM-10:15AM ET",68.0,288.0,69.0,350.0,70.0,257.0,31.0,425.0,32.0,225.0,33.0,248.0
2026-08-31 15:05:46,2026-08-31 14:05:46,btc-updown-15m-1788184800,"August 31, 10:00AM-10:15AM ET",78.0,243.0,79.0,113.0,80.0,314.5,23.0,270.0,24.0,338.0,25.0,278.0
2026-08-31 15:05:49,2026-08-31 14:05:49,btc-updown-15m-1788184800,"August 31, 10:00AM-10:15AM ET",78.0,176.0,79.0,118.0,80.0,244.5,23.0,303.3,24.0,338.0,25.0,278.0
2026-08-31 15:05:53,2026-08-31 14:05:53,btc-updown-15m-1788184800,"August 31, 10:00AM-10:15AM ET",78.0,155.0,79.0,263.0,80.0,341.4,23.0,120.5,24.0,238.0,25.0,358.0
2026-08-31 15:05:58,2026-08-31 14:05:58,btc-updown-15m-1788184800,"August 31, 10:00AM-10:15AM ET",83.0,149.0,84.0,159.7,85.0,302.2,19.0,5.0,21.0,120.0,22.0,317.0
2026-08-31 15:06:01,2026-08-31 14:06:01,btc-updown-15m-1788184800,"August 31, 10:00AM-10:15AM ET",79.0,115.0,80.0,187.0,81.0,158.0,22.0,328.2,23.0,373.4,24.0,325.0
2026-08-31 15:06:05,2026-08-31 14:06:05,btc-updown-15m-1788184800,"August 31, 10:00AM-10:15AM ET",80.0,412.0,81.0,273.0,82.0,195.8,21.0,75.0,22.0,125.0,23.0,333.5
2026-08-31 15:06:10,2026-08-31 14:06:10,btc-updown-15m-1788184800,"August 31, 10:00AM-10:15AM ET",81.0,170.0,82.0,207.0,83.0,237.2,19.0,205.0,20.0,330.0,21.0,338.0
2026-08-31 15:06:13,2026-08-31 14:06:13,btc-updown-15m-1788184800,"August 31, 10:00AM-10:15AM ET",80.0,82.1,81.0,113.0,82.0,259.0,21.0,104.2,22.0,427.0,23.0,466.0
2026-08-31 15:06:18,2026-08-31 14:06:18,btc-updown-15m-1788184800,"August 31, 10:00AM-10:15AM ET",80.0,173.0,81.0,348.0,82.0,236.8,21.0,10.5,22.0,233.0,23.0,376.0
2026-08-31 15:06:21,2026-08-31 14:06:21,btc-updown-15m-1788184800,"August 31, 10:00AM-10:15AM ET",81.0,100.0,82.0,554.5,83.0,321.0,20.0,260.0,21.0,303.5,22.0,238.0
2026-08-31 15:06:25,2026-08-31 14:06:25,btc-updown-15m-1788184800,"August 31, 10:00AM-10:15AM ET",81.0,274.0,82.0,589.5,83.0,382.2,20.0,5.0,21.0,145.5,22.0,358.0
2026-08-31 15:06:30,2026-08-31 14:06:30,btc-updown-15m-1788184800,"August 31, 10:00AM-10:15AM ET",78.0,55.0,79.0,258.0,80.0,238.0,24.0,35.0,25.0,242.0,26.0,394.0
2026-08-31 15:06:33,2026-08-31 14:06:33,btc-updown-15m-1788184800,"August 31, 10:00AM-10:15AM ET",76.0,313.0,77.0,375.3,78.0,322.6,25.0,5.0,26.0,118.0,27.0,168.0
2026-08-31 15:06:37,2026-08-31 14:06:37,btc-updown-15m-1788184800,"August 31, 10:00AM-10:15AM ET",67.0,278.0,68.0,320.0,69.0,884.0,34.0,105.0,35.0,108.0,36.0,13.0
2026-08-31 15:06:41,2026-08-31 14:06:41,btc-updown-15m-1788184800,"August 31, 10:00AM-10:15AM ET",67.0,325.0,68.0,278.0,69.0,237.2,34.0,63.0,35.0,163.0,36.0,378.0
2026-08-31 15:06:46,2026-08-31 14:06:46,btc-updown-15m-1788184800,"August 31, 10:00AM-10:15AM ET",70.0,338.0,71.0,464.0,72.0,344.4,32.0,5.0,33.0,100.0,34.0,235.0
2026-08-31 15:06:49,2026-08-31 14:06:49,btc-updown-15m-1788184800,"August 31, 10:00AM-10:15AM ET",68.0,180.0,69.0,296.0,70.0,318.0,34.0,140.0,35.0,260.0,36.0,285.0
2026-08-31 15:06:53,2026-08-31 14:06:53,btc-updown-15m-1788184800,"August 31, 10:00AM-10:15AM ET",64.0,306.0,65.0,333.7,66.0,366.8,37.0,110.0,38.0,114.6,39.0,174.0
2026-08-31 15:06:57,2026-08-31 14:06:57,btc-updown-15m-1788184800,"August 31, 10:00AM-10:15AM ET",54.0,70.0,55.0,245.0,56.0,283.0,47.0,50.0,48.0,138.0,49.0,250.0
2026-08-31 15:07:02,2026-08-31 14:07:02,btc-updown-15m-1788184800,"August 31, 10:00AM-10:15AM ET",56.0,50.0,57.0,200.0,58.0,275.0,43.0,80.0,44.0,198.0,45.0,278.0
2026-08-31 15:07:06,2026-08-31 14:07:06,btc-updown-15m-1788184800,"August 31, 10:00AM-10:15AM ET",60.0,129.0,61.0,347.0,62.0,239.0,41.0,220.0,42.0,365.0,43.0,343.3
2026-08-31 15:07:09,2026-08-31 14:07:09,btc-updown-15m-1788184800,"August 31, 10:00AM-10:15AM ET",63.0,153.0,64.0,196.0,65.0,255.0,38.0,123.8,39.0,225.0,40.0,283.0
2026-08-31 15:07:13,2026-08-31 14:07:13,btc-updown-15m-1788184800,"August 31, 10:00AM-10:15AM ET",62.0,110.0,63.0,208.0,64.0,258.0,39.0,95.8,40.0,154.0,41.0,324.0
2026-08-31 15:07:17,2026-08-31 14:07:17,btc-updown-15m-1788184800,"August 31, 10:00AM-10:15AM ET",63.0,208.0,64.0,411.0,65.0,275.0,38.0,70.0,39.0,208.8,40.0,218.0
2026-08-31 15:07:22,2026-08-31 14:07:22,btc-updown-15m-1788184800,"August 31, 10:00AM-10:15AM ET",62.0,50.0,63.0,208.0,64.0,363.0,46.0,13.0,47.0,153.0,48.0,378.0
2026-08-31 15:07:25,2026-08-31 14:07:25,btc-updown-15m-1788184800,"August 31, 10:00AM-10:15AM ET",53.0,225.0,54.0,295.0,55.0,283.0,48.0,98.0,49.0,278.0,50.0,248.6
2026-08-31 15:07:29,2026-08-31 14:07:29,btc-updown-15m-1788184800,"August 31, 10:00AM-10:15AM ET",54.0,275.0,55.0,328.0,56.0,352.0,47.0,30.0,48.0,263.0,49.0,383.8
2026-08-31 15:07:33,2026-08-31 14:07:33,btc-updown-15m-1788184800,"August 31, 10:00AM-10:15AM ET",50.0,155.0,51.0,275.0,52.0,327.0,52.0,13.0,53.0,33.0,54.0,312.0
2026-08-31 15:07:37,2026-08-31 14:07:37,btc-updown-15m-1788184800,"August 31, 10:00AM-10:15AM ET",43.0,100.0,44.0,215.0,45.0,175.0,58.0,112.0,59.0,510.4,60.0,384.4
2026-08-31 15:07:41,2026-08-31 14:07:41,btc-updown-15m-1788184800,"August 31, 10:00AM-10:15AM ET",43.0,259.6,44.0,328.0,45.0,233.0,58.0,22.9,59.0,73.0,60.0,124.0
2026-08-31 15:07:47,2026-08-31 14:07:47,btc-updown-15m-1788184800,"August 31, 10:00AM-10:15AM ET",42.0,303.0,43.0,317.6,44.0,248.0,61.0,106.4,62.0,304.0,63.0,389.6
2026-08-31 15:07:49,2026-08-31 14:07:49,btc-updown-15m-1788184800,"August 31, 10:00AM-10:15AM ET",48.0,161.4,49.0,276.0,50.0,183.0,53.0,140.0,54.0,200.0,55.0,234.6
2026-08-31 15:07:53,2026-08-31 14:07:53,btc-updown-15m-1788184800,"August 31, 10:00AM-10:15AM ET",53.0,3.7,54.0,136.0,55.0,253.0,49.0,5.0,50.0,100.0,51.0,100.0
2026-08-31 15:07:57,2026-08-31 14:07:57,btc-updown-15m-1788184800,"August 31, 10:00AM-10:15AM ET",51.0,322.0,52.0,348.0,53.0,261.7,50.0,160.0,51.0,261.0,52.0,327.5
2026-08-31 15:08:02,2026-08-31 14:08:02,btc-updown-15m-1788184800,"August 31, 10:00AM-10:15AM ET",50.0,281.0,51.0,365.0,52.0,268.0,51.0,61.0,52.0,173.2,53.0,297.2
2026-08-31 15:08:05,2026-08-31 14:08:05,btc-updown-15m-1788184800,"August 31, 10:00AM-10:15AM ET",51.0,120.0,52.0,248.0,53.0,461.7,50.0,280.2,51.0,223.2,52.0,188.2
2026-08-31 15:08:09,2026-08-31 14:08:09,btc-updown-15m-1788184800,"August 31, 10:00AM-10:15AM ET",67.0,75.1,68.0,181.0,69.0,306.0,34.0,264.4,35.0,324.4,36.0,293.0
2026-08-31 15:08:13,2026-08-31 14:08:13,btc-updown-15m-1788184800,"August 31, 10:00AM-10:15AM ET",76.0,133.5,77.0,133.0,78.0,317.0,25.0,145.0,26.0,159.8,27.0,189.6
2026-08-31 15:08:17,2026-08-31 14:08:17,btc-updown-15m-1788184800,"August 31, 10:00AM-10:15AM ET",75.0,50.3,76.0,208.0,77.0,291.0,25.0,201.9,26.0,160.1,27.0,225.9
2026-08-31 15:08:21,2026-08-31 14:08:21,btc-updown-15m-1788184800,"August 31, 10:00AM-10:15AM ET",80.0,297.0,81.0,195.0,82.0,222.0,21.0,38.4,22.0,113.0,23.0,283.0
2026-08-31 15:08:26,2026-08-31 14:08:26,btc-updown-15m-1788184800,"August 31, 10:00AM-10:15AM ET",81.0,50.0,82.0,292.0,83.0,373.0,20.0,175.0,21.0,303.0,22.0,240.6
2026-08-31 15:08:29,2026-08-31 14:08:29,btc-updown-15m-1788184800,"August 31, 10:00AM-10:15AM ET",81.0,38.8,82.0,56.0,83.0,318.0,20.0,75.0,21.0,225.8,22.0,294.6
2026-08-31 15:08:33,2026-08-31 14:08:33,btc-updown-15m-1788184800,"August 31, 10:00AM-10:15AM ET",82.0,65.0,83.0,153.0,84.0,300.0,19.0,232.9,20.0,301.1,21.0,403.8
